{
  "id": "eab6284b",
  "name": "test-app",
  "source": "/tmp/test-repo",
  "branch": "main",
  "status": "pending",
  "stages": [
    {
      "name": "checkout",
      "type": "source",
      "parallel": false
    },
    {
      "name": "dependencies",
      "type": "setup",
      "parallel": false
    },
    {
      "name": "build",
      "type": "build",
      "parallel": false
    },
    {
      "name": "test",
      "type": "test",
      "parallel": true
    },
    {
      "name": "security_scan",
      "type": "security",
      "parallel": true
    },
    {
      "name": "package",
      "type": "package",
      "parallel": false
    },
    {
      "name": "deploy",
      "type": "deploy",
      "parallel": false
    }
  ],
  "created_at": "2025-09-02T10:33:00.930937",
  "started_at": null,
  "completed_at": null,
  "artifacts": [],
  "metrics": {}
}